"Deaths by age and sex (Annual-Dec)",""
"","Total Both Sexes"
" ","Total all ages"
2009,28962
2010,28437
2011,30081
2012,30099
2013,29568
2014,31062
2015,31608
2016,31179
2017,33339
2018,33222
2019,34260
2020,32613
2021,34932
2022,38577
2023,37884
"Table information:"
"Units:"
"Number, Magnitude = Units"
""
"Footnotes:"
"Neonatal deaths are deaths of children under four weeks of age. Post-neonatal deaths are deaths of children from four weeks up to one year of age. Infant deaths are deaths of children under one year of age."
"Births and deaths data are based on date of registration (not date of occurrence). Data before 1991 includes New Zealand residents and overseas visitors. Data from 1991 includes New Zealand residents only."
"Data has been randomly rounded to protect confidentiality. Individual figures may not add up to totals, and values for the same data may vary in different tables."
" "
"Symbols:"
".. figure not available"
"C: Confidential"
"E: Early Estimate"
"P: Provisional"
"R: Revised"
"S: Suppressed"
""
"Status flags are not displayed"
""
"Table reference: "
"VSD004AA"
""
"Last updated:"
"Total all ages: 19 February 2024 10:45am"
""
"Source: Statistics New Zealand"
"Contact: Information Centre"
"Telephone: 0508 525 525"
"Email:info@stats.govt.nz"
""
""
""
