"Estimated Resident Population by Age and Sex (1991+) (Annual-Dec)","","",""
"","","Mean year ended",""
" "," ","Male","Female"
2012,"0 Years",31350,29910
" ","1 Years",32180,30570
" ","2 Years",32840,31210
" ","3 Years",32970,30810
" ","4 Years",32820,31170
" ","5 Years",31670,30160
" ","6 Years",30060,28870
" ","7 Years",29740,28240
" ","8 Years",29760,28380
" ","9 Years",29330,27880
" ","10 Years",29310,28240
" ","11 Years",30760,29390
" ","12 Years",31540,29810
" ","13 Years",30860,29030
" ","14 Years",31310,29670
" ","15 Years",31380,29870
" ","16 Years",32170,30300
" ","17 Years",32090,30790
" ","18 Years",31810,30750
" ","19 Years",32380,31350
" ","20 Years",32790,31710
" ","21 Years",32950,32430
" ","22 Years",31630,31420
" ","23 Years",30330,29900
" ","24 Years",29150,29200
" ","25 Years",27880,28220
" ","26 Years",26980,28060
" ","27 Years",26530,28110
" ","28 Years",26380,28170
" ","29 Years",26590,28490
" ","30 Years",26110,28240
" ","31 Years",26080,28140
" ","32 Years",25710,28220
" ","33 Years",25350,28120
" ","34 Years",25040,27670
" ","35 Years",25540,28010
" ","36 Years",25870,28290
" ","37 Years",26800,29740
" ","38 Years",27870,30890
" ","39 Years",28870,32320
" ","40 Years",30200,33450
" ","41 Years",30470,34040
" ","42 Years",30060,33280
" ","43 Years",30310,33300
" ","44 Years",29890,32690
" ","45 Years",29610,32310
" ","46 Years",29880,31980
" ","47 Years",30180,32270
" ","48 Years",31060,33170
" ","49 Years",31440,34000
" ","50 Years",31400,33530
" ","51 Years",30720,32910
" ","52 Years",29690,31490
" ","53 Years",28970,30590
" ","54 Years",27860,29410
" ","55 Years",27560,28870
" ","56 Years",26790,28090
" ","57 Years",25710,27150
" ","58 Years",25100,26370
" ","59 Years",24270,25630
" ","60 Years",24000,24950
" ","61 Years",23620,24570
" ","62 Years",23370,24400
" ","63 Years",23280,23900
" ","64 Years",23190,24110
" ","65 Years",22900,23780
" ","66 Years",19780,20710
" ","67 Years",18210,19190
" ","68 Years",17120,17820
" ","69 Years",15620,16530
" ","70 Years",16510,17550
" ","71 Years",16030,17120
" ","72 Years",14630,15690
" ","73 Years",12990,14450
" ","74 Years",12200,13550
" ","75 Years",11280,12780
" ","76 Years",10460,11880
" ","77 Years",9890,11060
" ","78 Years",9210,10740
" ","79 Years",8590,10460
" ","80 Years",8360,9970
" ","81 Years",8020,9930
" ","82 Years",7170,9320
" ","83 Years",6510,8600
" ","84 Years",5860,7930
" ","85 Years",5140,7370
" ","86 Years",4350,6700
" ","87 Years",3700,6120
" ","88 Years",3030,5310
" ","89 Years",2410,4540
" ","90 Years",1940,3990
" ","91 Years",1520,3350
" ","92 Years",1120,2620
" ","93 Years",720,1800
" ","94 Years",520,1460
" ","0-4 Years",162170,153680
" ","5-9 Years",150550,143530
" ","10-14 Years",153790,146150
" ","15-19 Years",159840,153060
" ","20-24 Years",156860,154660
" ","25-29 Years",134360,141050
" ","30-34 Years",128290,140400
" ","35-39 Years",134950,149250
" ","40-44 Years",150920,166750
" ","45-49 Years",152180,163730
" ","50-54 Years",148650,157920
" ","55-59 Years",129440,136110
" ","60-64 Years",117460,121930
" ","65-69 Years",93630,98030
" ","70-74 Years",72360,78370
" ","75-79 Years",49420,56930
" ","80-84 Years",35920,45740
" ","85-89 Years",18620,30030
" ","Under 15 Years",466500,443400
" ","Under 16 Years",497900,473200
" ","Under 18 Years",562200,534300
" ","Under 20 Years",626400,596400
" ","15-39 Years",714300,738400
" ","15-49 Years",1017400,1068900
" ","15-59 Years",1295500,1362900
" ","40-64 Years",698700,746400
" ","15-64 Years",1413000,1484900
" ","15 Years and Over",1689900,1810900
" ","16 Years and Over",1658500,1781100
" ","18 Years and Over",1594300,1720000
" ","20 Years and Over",1530100,1657900
" ","90-94 Years",5820,13220
" ","60 Years and Over",394400,448000
" ","65 Years and Over",276900,326100
" ","75 Years and Over",111000,149700
" ","80 Years and Over",61500,92700
" ","85 Years and Over",25600,47000
" ","90 Years and Over",6990,16970
" ","95 Years and Over",1170,3750
" ","Median Age (Years)",36.3,38.3
" ","Total All Ages",2156400,2254300
2013,"0 Years",30850,29400
" ","1 Years",31440,29990
" ","2 Years",32160,30530
" ","3 Years",32850,31180
" ","4 Years",32930,30710
" ","5 Years",32740,31120
" ","6 Years",31540,30080
" ","7 Years",29970,28780
" ","8 Years",29690,28190
" ","9 Years",29740,28340
" ","10 Years",29340,27910
" ","11 Years",29340,28310
" ","12 Years",30840,29460
" ","13 Years",31680,29830
" ","14 Years",30990,29120
" ","15 Years",31520,29900
" ","16 Years",31730,30200
" ","17 Years",32370,30520
" ","18 Years",32180,30740
" ","19 Years",32290,30890
" ","20 Years",32740,31510
" ","21 Years",32740,31590
" ","22 Years",32680,32050
" ","23 Years",31390,31100
" ","24 Years",30070,29820
" ","25 Years",28840,29310
" ","26 Years",27680,28430
" ","27 Years",26870,28230
" ","28 Years",26490,28390
" ","29 Years",26390,28420
" ","30 Years",26670,28750
" ","31 Years",26220,28490
" ","32 Years",26100,28200
" ","33 Years",25740,28270
" ","34 Years",25410,28160
" ","35 Years",25070,27770
" ","36 Years",25660,28090
" ","37 Years",25990,28380
" ","38 Years",26930,29820
" ","39 Years",28060,30990
" ","40 Years",29000,32400
" ","41 Years",30290,33480
" ","42 Years",30580,34070
" ","43 Years",30140,33320
" ","44 Years",30310,33230
" ","45 Years",29910,32660
" ","46 Years",29600,32250
" ","47 Years",29790,31860
" ","48 Years",30080,32130
" ","49 Years",30960,33070
" ","50 Years",31330,33850
" ","51 Years",31270,33370
" ","52 Years",30580,32770
" ","53 Years",29550,31370
" ","54 Years",28810,30480
" ","55 Years",27750,29340
" ","56 Years",27400,28810
" ","57 Years",26650,28030
" ","58 Years",25610,27130
" ","59 Years",24970,26330
" ","60 Years",24180,25630
" ","61 Years",23930,24920
" ","62 Years",23530,24510
" ","63 Years",23260,24360
" ","64 Years",23180,23860
" ","65 Years",23070,24020
" ","66 Years",22750,23660
" ","67 Years",19600,20560
" ","68 Years",18010,19070
" ","69 Years",16890,17670
" ","70 Years",15380,16340
" ","71 Years",16230,17320
" ","72 Years",15710,16880
" ","73 Years",14280,15470
" ","74 Years",12660,14180
" ","75 Years",11830,13290
" ","76 Years",10880,12490
" ","77 Years",10060,11540
" ","78 Years",9480,10720
" ","79 Years",8790,10400
" ","80 Years",8130,10070
" ","81 Years",7870,9570
" ","82 Years",7500,9480
" ","83 Years",6630,8830
" ","84 Years",5960,8090
" ","85 Years",5290,7340
" ","86 Years",4600,6760
" ","87 Years",3800,6100
" ","88 Years",3180,5500
" ","89 Years",2530,4680
" ","90 Years",2020,3920
" ","91 Years",1570,3390
" ","92 Years",1220,2780
" ","93 Years",890,2130
" ","94 Years",560,1420
" ","0-4 Years",160230,151810
" ","5-9 Years",153670,146500
" ","10-14 Years",152190,144640
" ","15-19 Years",160100,152250
" ","20-24 Years",159630,156070
" ","25-29 Years",136270,142780
" ","30-34 Years",130150,141860
" ","35-39 Years",131710,145060
" ","40-44 Years",150310,166510
" ","45-49 Years",150330,161970
" ","50-54 Years",151540,161850
" ","55-59 Years",132390,139640
" ","60-64 Years",118080,123290
" ","65-69 Years",100330,104980
" ","70-74 Years",74270,80190
" ","75-79 Years",51040,58430
" ","80-84 Years",36090,46050
" ","85-89 Years",19400,30380
" ","Under 15 Years",466100,443000
" ","Under 16 Years",497600,472800
" ","Under 18 Years",561700,533600
" ","Under 20 Years",626200,595200
" ","15-39 Years",717900,738000
" ","15-49 Years",1018500,1066500
" ","15-59 Years",1302400,1368000
" ","40-64 Years",702600,753300
" ","15-64 Years",1420500,1491300
" ","15 Years and Over",1709100,1828800
" ","16 Years and Over",1677600,1798900
" ","18 Years and Over",1613500,1738100
" ","20 Years and Over",1549000,1676500
" ","90-94 Years",6270,13640
" ","60 Years and Over",406700,460800
" ","65 Years and Over",288600,337500
" ","75 Years and Over",114000,152300
" ","80 Years and Over",62900,93900
" ","85 Years and Over",26900,47800
" ","90 Years and Over",7460,17450
" ","95 Years and Over",1190,3800
" ","Median Age (Years)",36.4,38.5
" ","Total All Ages",2175200,2271700
2014,"0 Years",30030,28350
" ","1 Years",31040,29570
" ","2 Years",31670,30170
" ","3 Years",32390,30710
" ","4 Years",33010,31340
" ","5 Years",33060,30830
" ","6 Years",32860,31200
" ","7 Years",31650,30170
" ","8 Years",30110,28890
" ","9 Years",29820,28330
" ","10 Years",29880,28470
" ","11 Years",29570,28060
" ","12 Years",29600,28500
" ","13 Years",31030,29630
" ","14 Years",31800,29950
" ","15 Years",31210,29430
" ","16 Years",31860,30220
" ","17 Years",32070,30550
" ","18 Years",32820,30720
" ","19 Years",33270,31100
" ","20 Years",33390,31290
" ","21 Years",33580,31790
" ","22 Years",33720,31780
" ","23 Years",33610,32390
" ","24 Years",32340,31680
" ","25 Years",30920,30590
" ","26 Years",29700,30350
" ","27 Years",28580,29360
" ","28 Years",27750,29130
" ","29 Years",27340,29290
" ","30 Years",27310,29200
" ","31 Years",27560,29390
" ","32 Years",27010,29000
" ","33 Years",26770,28710
" ","34 Years",26420,28690
" ","35 Years",25990,28540
" ","36 Years",25630,28100
" ","37 Years",26160,28410
" ","38 Years",26450,28600
" ","39 Years",27400,30050
" ","40 Years",28490,31260
" ","41 Years",29490,32570
" ","42 Years",30740,33670
" ","43 Years",31020,34220
" ","44 Years",30550,33450
" ","45 Years",30670,33330
" ","46 Years",30200,32730
" ","47 Years",29830,32260
" ","48 Years",29980,31830
" ","49 Years",30240,32160
" ","50 Years",31120,33090
" ","51 Years",31470,33840
" ","52 Years",31340,33380
" ","53 Years",30590,32730
" ","54 Years",29550,31340
" ","55 Years",28850,30460
" ","56 Years",27780,29370
" ","57 Years",27350,28760
" ","58 Years",26610,27970
" ","59 Years",25570,27100
" ","60 Years",24940,26320
" ","61 Years",24170,25610
" ","62 Years",23900,24880
" ","63 Years",23440,24430
" ","64 Years",23180,24280
" ","65 Years",23080,23720
" ","66 Years",22880,23880
" ","67 Years",22500,23470
" ","68 Years",19380,20370
" ","69 Years",17760,18870
" ","70 Years",16620,17470
" ","71 Years",15120,16110
" ","72 Years",15890,17070
" ","73 Years",15330,16630
" ","74 Years",13920,15230
" ","75 Years",12320,13910
" ","76 Years",11440,12990
" ","77 Years",10500,12150
" ","78 Years",9650,11190
" ","79 Years",9030,10380
" ","80 Years",8340,10020
" ","81 Years",7660,9650
" ","82 Years",7350,9110
" ","83 Years",6960,8980
" ","84 Years",6060,8330
" ","85 Years",5400,7550
" ","86 Years",4720,6780
" ","87 Years",4050,6220
" ","88 Years",3320,5500
" ","89 Years",2720,4890
" ","90 Years",2140,4090
" ","91 Years",1670,3370
" ","92 Years",1280,2870
" ","93 Years",990,2290
" ","94 Years",700,1720
" ","0-4 Years",158140,150130
" ","5-9 Years",157500,149420
" ","10-14 Years",151880,144610
" ","15-19 Years",161240,152030
" ","20-24 Years",166640,158930
" ","25-29 Years",144290,148730
" ","30-34 Years",135060,145000
" ","35-39 Years",131630,143690
" ","40-44 Years",150290,165170
" ","45-49 Years",150910,162300
" ","50-54 Years",154070,164370
" ","55-59 Years",136160,143660
" ","60-64 Years",119640,125520
" ","65-69 Years",105600,110300
" ","70-74 Years",76870,82500
" ","75-79 Years",52940,60610
" ","80-84 Years",36370,46080
" ","85-89 Years",20220,30940
" ","Under 15 Years",467500,444200
" ","Under 16 Years",498700,473600
" ","Under 18 Years",562700,534400
" ","Under 20 Years",628800,596200
" ","15-39 Years",738900,748400
" ","15-49 Years",1040100,1075800
" ","15-59 Years",1330300,1383900
" ","40-64 Years",711100,761000
" ","15-64 Years",1449900,1509400
" ","15 Years and Over",1750000,1858000
" ","16 Years and Over",1718700,1828600
" ","18 Years and Over",1654800,1767800
" ","20 Years and Over",1588700,1706000
" ","90-94 Years",6780,14350
" ","60 Years and Over",419700,474200
" ","65 Years and Over",300000,348600
" ","75 Years and Over",117500,155800
" ","80 Years and Over",64600,95200
" ","85 Years and Over",28200,49100
" ","90 Years and Over",8020,18200
" ","95 Years and Over",1240,3850
" ","Median Age (Years)",36.3,38.6
" ","Total All Ages",2217500,2302200
2015,"0 Years",30390,28550
" ","1 Years",30260,28640
" ","2 Years",31420,29920
" ","3 Years",32050,30480
" ","4 Years",32690,31000
" ","5 Years",33270,31560
" ","6 Years",33280,31000
" ","7 Years",33040,31350
" ","8 Years",31880,30360
" ","9 Years",30350,29100
" ","10 Years",30070,28570
" ","11 Years",30130,28700
" ","12 Years",29920,28310
" ","13 Years",29970,28780
" ","14 Years",31360,29930
" ","15 Years",32170,30340
" ","16 Years",31640,29900
" ","17 Years",32270,30640
" ","18 Years",32690,30870
" ","19 Years",34030,31220
" ","20 Years",34710,31680
" ","21 Years",34620,31660
" ","22 Years",35070,32220
" ","23 Years",35510,32680
" ","24 Years",35160,33400
" ","25 Years",33930,32810
" ","26 Years",32320,31860
" ","27 Years",31150,31790
" ","28 Years",30030,30710
" ","29 Years",29100,30380
" ","30 Years",28670,30430
" ","31 Years",28520,30190
" ","32 Years",28540,30140
" ","33 Years",27970,29700
" ","34 Years",27680,29340
" ","35 Years",27330,29200
" ","36 Years",26800,29020
" ","37 Years",26350,28520
" ","38 Years",26840,28820
" ","39 Years",27070,28930
" ","40 Years",27960,30370
" ","41 Years",29010,31570
" ","42 Years",30080,32810
" ","43 Years",31310,33930
" ","44 Years",31490,34430
" ","45 Years",31000,33620
" ","46 Years",31110,33470
" ","47 Years",30590,32810
" ","48 Years",30150,32320
" ","49 Years",30230,31860
" ","50 Years",30500,32280
" ","51 Years",31300,33180
" ","52 Years",31680,33900
" ","53 Years",31470,33410
" ","54 Years",30680,32740
" ","55 Years",29660,31350
" ","56 Years",28930,30510
" ","57 Years",27860,29440
" ","58 Years",27300,28740
" ","59 Years",26560,27930
" ","60 Years",25620,27150
" ","61 Years",24940,26300
" ","62 Years",24170,25580
" ","63 Years",23870,24860
" ","64 Years",23380,24290
" ","65 Years",23080,24160
" ","66 Years",22900,23560
" ","67 Years",22630,23680
" ","68 Years",22200,23200
" ","69 Years",19110,20130
" ","70 Years",17470,18650
" ","71 Years",16310,17230
" ","72 Years",14800,15860
" ","73 Years",15490,16800
" ","74 Years",14930,16330
" ","75 Years",13510,14930
" ","76 Years",11910,13620
" ","77 Years",11030,12670
" ","78 Years",10060,11770
" ","79 Years",9220,10810
" ","80 Years",8570,10010
" ","81 Years",7870,9590
" ","82 Years",7120,9170
" ","83 Years",6800,8600
" ","84 Years",6410,8390
" ","85 Years",5510,7760
" ","86 Years",4830,6950
" ","87 Years",4120,6210
" ","88 Years",3500,5590
" ","89 Years",2830,4910
" ","90 Years",2290,4300
" ","91 Years",1740,3510
" ","92 Years",1340,2840
" ","93 Years",1010,2370
" ","94 Years",760,1840
" ","0-4 Years",156820,148590
" ","5-9 Years",161820,153380
" ","10-14 Years",151450,144290
" ","15-19 Years",162810,152970
" ","20-24 Years",175070,161640
" ","25-29 Years",156540,157540
" ","30-34 Years",141370,149800
" ","35-39 Years",134380,144490
" ","40-44 Years",149860,163110
" ","45-49 Years",153090,164090
" ","50-54 Years",155620,165510
" ","55-59 Years",140310,147980
" ","60-64 Years",121980,128180
" ","65-69 Years",109930,114740
" ","70-74 Years",79000,84870
" ","75-79 Years",55730,63800
" ","80-84 Years",36770,45760
" ","85-89 Years",20780,31420
" ","Under 15 Years",470100,446300
" ","Under 16 Years",502300,476600
" ","Under 18 Years",566200,537100
" ","Under 20 Years",632900,599200
" ","15-39 Years",770200,766500
" ","15-49 Years",1073100,1093700
" ","15-59 Years",1369000,1407100
" ","40-64 Years",720900,768900
" ","15-64 Years",1491000,1535300
" ","15 Years and Over",1801700,1894900
" ","16 Years and Over",1769500,1864500
" ","18 Years and Over",1705600,1804000
" ","20 Years and Over",1638900,1741900
" ","90-94 Years",7130,14860
" ","60 Years and Over",432700,487700
" ","65 Years and Over",310700,359500
" ","75 Years and Over",121800,159900
" ","80 Years and Over",66000,96100
" ","85 Years and Over",29300,50400
" ","90 Years and Over",8480,18940
" ","95 Years and Over",1350,4080
" ","Median Age (Years)",36.1,38.5
" ","Total All Ages",2271800,2341100
2016,"0 Years",30620,28970
" ","1 Years",30700,28920
" ","2 Years",30820,29070
" ","3 Years",31960,30470
" ","4 Years",32510,30920
" ","5 Years",33110,31390
" ","6 Years",33560,31820
" ","7 Years",33520,31230
" ","8 Years",33340,31590
" ","9 Years",32220,30620
" ","10 Years",30730,29420
" ","11 Years",30400,28890
" ","12 Years",30470,29020
" ","13 Years",30380,28610
" ","14 Years",30520,29200
" ","15 Years",31980,30530
" ","16 Years",32750,30890
" ","17 Years",32130,30410
" ","18 Years",32760,30950
" ","19 Years",33690,31390
" ","20 Years",35140,31860
" ","21 Years",35570,32200
" ","22 Years",35530,32270
" ","23 Years",36420,33180
" ","24 Years",36990,33930
" ","25 Years",36680,34800
" ","26 Years",35500,34370
" ","27 Years",33790,33420
" ","28 Years",32730,33450
" ","29 Years",31660,32190
" ","30 Years",30540,31770
" ","31 Years",30000,31720
" ","32 Years",29800,31250
" ","33 Years",29640,31010
" ","34 Years",29060,30480
" ","35 Years",28670,29990
" ","36 Years",28260,29840
" ","37 Years",27680,29580
" ","38 Years",27170,29080
" ","39 Years",27540,29260
" ","40 Years",27770,29330
" ","41 Years",28580,30760
" ","42 Years",29630,31920
" ","43 Years",30750,33080
" ","44 Years",31910,34230
" ","45 Years",32000,34650
" ","46 Years",31520,33790
" ","47 Years",31520,33630
" ","48 Years",30990,32970
" ","49 Years",30450,32390
" ","50 Years",30510,31960
" ","51 Years",30720,32450
" ","52 Years",31530,33260
" ","53 Years",31870,34000
" ","54 Years",31620,33480
" ","55 Years",30730,32760
" ","56 Years",29760,31410
" ","57 Years",29020,30580
" ","58 Years",27930,29550
" ","59 Years",27300,28760
" ","60 Years",26560,27930
" ","61 Years",25650,27230
" ","62 Years",24910,26280
" ","63 Years",24140,25560
" ","64 Years",23820,24790
" ","65 Years",23290,24190
" ","66 Years",22950,24000
" ","67 Years",22720,23390
" ","68 Years",22410,23450
" ","69 Years",21900,22930
" ","70 Years",18830,19890
" ","71 Years",17190,18390
" ","72 Years",16010,16960
" ","73 Years",14470,15590
" ","74 Years",15050,16500
" ","75 Years",14470,15990
" ","76 Years",13070,14610
" ","77 Years",11500,13290
" ","78 Years",10580,12290
" ","79 Years",9620,11370
" ","80 Years",8760,10400
" ","81 Years",8100,9620
" ","82 Years",7360,9140
" ","83 Years",6620,8700
" ","84 Years",6230,8090
" ","85 Years",5830,7820
" ","86 Years",4970,7160
" ","87 Years",4280,6360
" ","88 Years",3600,5590
" ","89 Years",3010,4980
" ","90 Years",2370,4290
" ","91 Years",1880,3680
" ","92 Years",1410,2970
" ","93 Years",1060,2370
" ","94 Years",780,1930
" ","0-4 Years",156610,148350
" ","5-9 Years",165750,156650
" ","10-14 Years",152500,145130
" ","15-19 Years",163300,154160
" ","20-24 Years",179660,163450
" ","25-29 Years",170370,168220
" ","30-34 Years",149040,156230
" ","35-39 Years",139310,147740
" ","40-44 Years",148630,159320
" ","45-49 Years",156480,167430
" ","50-54 Years",156250,165140
" ","55-59 Years",144730,153060
" ","60-64 Years",125070,131800
" ","65-69 Years",113270,117960
" ","70-74 Years",81540,87330
" ","75-79 Years",59240,67550
" ","80-84 Years",37070,45950
" ","85-89 Years",21680,31910
" ","Under 15 Years",474900,450100
" ","Under 16 Years",506800,480600
" ","Under 18 Years",571700,542000
" ","Under 20 Years",638200,604300
" ","15-39 Years",801700,789800
" ","15-49 Years",1106800,1116600
" ","15-59 Years",1407800,1434800
" ","40-64 Years",731200,776800
" ","15-64 Years",1532800,1566600
" ","15 Years and Over",1854700,1936900
" ","16 Years and Over",1822700,1906300
" ","18 Years and Over",1757800,1845000
" ","20 Years and Over",1691400,1782700
" ","90-94 Years",7510,15230
" ","60 Years and Over",446900,502100
" ","65 Years and Over",321800,370300
" ","75 Years and Over",127000,165000
" ","80 Years and Over",67800,97500
" ","85 Years and Over",30700,51500
" ","90 Years and Over",9030,19580
" ","95 Years and Over",1520,4360
" ","Median Age (Years)",36.0,38.4
" ","Total All Ages",2329500,2387000
2017,"0 Years",30750,29240
" ","1 Years",30950,29260
" ","2 Years",31290,29450
" ","3 Years",31460,29650
" ","4 Years",32490,31000
" ","5 Years",33010,31410
" ","6 Years",33530,31750
" ","7 Years",33870,32120
" ","8 Years",33870,31530
" ","9 Years",33630,31910
" ","10 Years",32640,30960
" ","11 Years",31170,29750
" ","12 Years",30780,29260
" ","13 Years",30820,29350
" ","14 Years",30910,29060
" ","15 Years",31210,29810
" ","16 Years",32680,31160
" ","17 Years",33210,31380
" ","18 Years",32450,30750
" ","19 Years",33450,31350
" ","20 Years",34380,31800
" ","21 Years",35480,32190
" ","22 Years",35860,32660
" ","23 Years",36150,33060
" ","24 Years",37330,34170
" ","25 Years",38040,35090
" ","26 Years",37730,36180
" ","27 Years",36790,35770
" ","28 Years",35070,34980
" ","29 Years",34250,34960
" ","30 Years",33140,33510
" ","31 Years",31940,32940
" ","32 Years",31230,32770
" ","33 Years",30950,32170
" ","34 Years",30770,31870
" ","35 Years",30110,31230
" ","36 Years",29680,30660
" ","37 Years",29250,30460
" ","38 Years",28550,30120
" ","39 Years",27970,29580
" ","40 Years",28270,29720
" ","41 Years",28420,29730
" ","42 Years",29230,31120
" ","43 Years",30210,32250
" ","44 Years",31360,33350
" ","45 Years",32510,34520
" ","46 Years",32500,34820
" ","47 Years",31960,33930
" ","48 Years",31920,33800
" ","49 Years",31340,33100
" ","50 Years",30740,32440
" ","51 Years",30740,32050
" ","52 Years",30970,32560
" ","53 Years",31720,33360
" ","54 Years",32020,34080
" ","55 Years",31710,33510
" ","56 Years",30770,32810
" ","57 Years",29850,31420
" ","58 Years",29080,30640
" ","59 Years",27940,29640
" ","60 Years",27290,28730
" ","61 Years",26510,27870
" ","62 Years",25630,27210
" ","63 Years",24850,26240
" ","64 Years",24090,25530
" ","65 Years",23750,24700
" ","66 Years",23120,24050
" ","67 Years",22760,23820
" ","68 Years",22470,23170
" ","69 Years",22080,23200
" ","70 Years",21550,22650
" ","71 Years",18540,19600
" ","72 Years",16850,18100
" ","73 Years",15650,16640
" ","74 Years",14100,15270
" ","75 Years",14630,16150
" ","76 Years",14000,15620
" ","77 Years",12610,14250
" ","78 Years",11080,12930
" ","79 Years",10100,11900
" ","80 Years",9110,10950
" ","81 Years",8220,9950
" ","82 Years",7580,9180
" ","83 Years",6850,8670
" ","84 Years",6060,8150
" ","85 Years",5620,7540
" ","86 Years",5220,7180
" ","87 Years",4420,6560
" ","88 Years",3740,5720
" ","89 Years",3080,4940
" ","90 Years",2530,4320
" ","91 Years",1950,3680
" ","92 Years",1510,3110
" ","93 Years",1120,2470
" ","94 Years",810,1940
" ","0-4 Years",156930,148600
" ","5-9 Years",167910,158710
" ","10-14 Years",156330,148370
" ","15-19 Years",163000,154450
" ","20-24 Years",179210,163870
" ","25-29 Years",181880,176990
" ","30-34 Years",158020,163270
" ","35-39 Years",145570,152050
" ","40-44 Years",147490,156170
" ","45-49 Years",160240,170160
" ","50-54 Years",156190,164490
" ","55-59 Years",149350,158010
" ","60-64 Years",128380,135580
" ","65-69 Years",114190,118940
" ","70-74 Years",86680,92250
" ","75-79 Years",62410,70840
" ","80-84 Years",37810,46900
" ","85-89 Years",22070,31950
" ","Under 15 Years",481200,455700
" ","Under 16 Years",512400,485500
" ","Under 18 Years",578300,548000
" ","Under 20 Years",644200,610100
" ","15-39 Years",827700,810600
" ","15-49 Years",1135400,1137000
" ","15-59 Years",1440900,1459500
" ","40-64 Years",741600,784400
" ","15-64 Years",1569300,1595000
" ","15 Years and Over",1902100,1976100
" ","16 Years and Over",1870800,1946300
" ","18 Years and Over",1805000,1883800
" ","20 Years and Over",1739100,1821700
" ","90-94 Years",7910,15520
" ","60 Years and Over",461100,516700
" ","65 Years and Over",332700,381100
" ","75 Years and Over",131900,169900
" ","80 Years and Over",69500,99100
" ","85 Years and Over",31600,52200
" ","90 Years and Over",9570,20210
" ","95 Years and Over",1660,4680
" ","Median Age (Years)",35.9,38.3
" ","Total All Ages",2383200,2431800
2018,"0 Years",30530,29000
" ","1 Years",30970,29440
" ","2 Years",31430,29690
" ","3 Years",31870,30000
" ","4 Years",32010,30130
" ","5 Years",33020,31490
" ","6 Years",33420,31800
" ","7 Years",33840,32050
" ","8 Years",34160,32370
" ","9 Years",34170,31810
" ","10 Years",33920,32180
" ","11 Years",32980,31260
" ","12 Years",31560,30060
" ","13 Years",31120,29620
" ","14 Years",31210,29700
" ","15 Years",31550,29580
" ","16 Years",31870,30390
" ","17 Years",33170,31580
" ","18 Years",33430,31590
" ","19 Years",32890,31030
" ","20 Years",34000,31780
" ","21 Years",34650,32130
" ","22 Years",35590,32440
" ","23 Years",36140,33220
" ","24 Years",36540,33730
" ","25 Years",37860,35090
" ","26 Years",38780,36270
" ","27 Years",38620,37470
" ","28 Years",37850,37080
" ","29 Years",36160,36210
" ","30 Years",35500,36160
" ","31 Years",34360,34560
" ","32 Years",33030,33950
" ","33 Years",32250,33500
" ","34 Years",32030,32970
" ","35 Years",31760,32610
" ","36 Years",31120,31890
" ","37 Years",30590,31230
" ","38 Years",30120,31000
" ","39 Years",29400,30570
" ","40 Years",28740,30010
" ","41 Years",28960,30060
" ","42 Years",29060,30040
" ","43 Years",29830,31370
" ","44 Years",30760,32500
" ","45 Years",31950,33570
" ","46 Years",33000,34690
" ","47 Years",32930,34910
" ","48 Years",32330,34000
" ","49 Years",32270,33900
" ","50 Years",31630,33150
" ","51 Years",30980,32470
" ","52 Years",30870,32100
" ","53 Years",31110,32630
" ","54 Years",31810,33410
" ","55 Years",32130,34120
" ","56 Years",31730,33530
" ","57 Years",30790,32800
" ","58 Years",29880,31390
" ","59 Years",29050,30600
" ","60 Years",27970,29660
" ","61 Years",27200,28680
" ","62 Years",26390,27820
" ","63 Years",25500,27150
" ","64 Years",24770,26140
" ","65 Years",24040,25420
" ","66 Years",23580,24550
" ","67 Years",22910,23830
" ","68 Years",22510,23580
" ","69 Years",22200,22870
" ","70 Years",21710,22920
" ","71 Years",21170,22330
" ","72 Years",18180,19290
" ","73 Years",16470,17770
" ","74 Years",15290,16290
" ","75 Years",13690,14920
" ","76 Years",14160,15790
" ","77 Years",13500,15200
" ","78 Years",12100,13840
" ","79 Years",10610,12520
" ","80 Years",9590,11460
" ","81 Years",8560,10480
" ","82 Years",7670,9470
" ","83 Years",7020,8710
" ","84 Years",6320,8180
" ","85 Years",5490,7610
" ","86 Years",5030,6940
" ","87 Years",4590,6560
" ","88 Years",3860,5910
" ","89 Years",3200,5090
" ","90 Years",2570,4310
" ","91 Years",2070,3700
" ","92 Years",1560,3100
" ","93 Years",1180,2550
" ","94 Years",860,2000
" ","0-4 Years",156810,148260
" ","5-9 Years",168610,159520
" ","10-14 Years",160790,152820
" ","15-19 Years",162920,154170
" ","20-24 Years",176920,163300
" ","25-29 Years",189270,182120
" ","30-34 Years",167170,171130
" ","35-39 Years",152980,157310
" ","40-44 Years",147350,153990
" ","45-49 Years",162480,171080
" ","50-54 Years",156390,163760
" ","55-59 Years",153580,162440
" ","60-64 Years",131830,139450
" ","65-69 Years",115250,120260
" ","70-74 Years",92820,98590
" ","75-79 Years",64060,72270
" ","80-84 Years",39160,48290
" ","85-89 Years",22170,32100
" ","Under 15 Years",486200,460600
" ","Under 16 Years",517800,490200
" ","Under 18 Years",582800,552200
" ","Under 20 Years",649100,614800
" ","15-39 Years",849300,828000
" ","15-49 Years",1159100,1153100
" ","15-59 Years",1469100,1479300
" ","40-64 Years",751600,790700
" ","15-64 Years",1600900,1618800
" ","15 Years and Over",1944400,2010900
" ","16 Years and Over",1912800,1981300
" ","18 Years and Over",1847800,1919400
" ","20 Years and Over",1781400,1856700
" ","90-94 Years",8230,15660
" ","60 Years and Over",475300,531600
" ","65 Years and Over",343500,392200
" ","75 Years and Over",135400,173300
" ","80 Years and Over",71300,101000
" ","85 Years and Over",32200,52700
" ","90 Years and Over",10010,20650
" ","95 Years and Over",1780,4990
" ","Median Age (Years)",36.0,38.3
" ","Total All Ages",2430600,2471500
2019,"0 Years",30650,29000
" ","1 Years",30730,29180
" ","2 Years",31430,29860
" ","3 Years",31960,30160
" ","4 Years",32390,30490
" ","5 Years",32570,30630
" ","6 Years",33390,31920
" ","7 Years",33810,32180
" ","8 Years",34210,32430
" ","9 Years",34550,32730
" ","10 Years",34530,32120
" ","11 Years",34250,32510
" ","12 Years",33390,31600
" ","13 Years",31960,30410
" ","14 Years",31530,29980
" ","15 Years",31750,30190
" ","16 Years",32080,30100
" ","17 Years",32240,30770
" ","18 Years",33410,31780
" ","19 Years",33870,31920
" ","20 Years",33320,31340
" ","21 Years",34400,32030
" ","22 Years",34820,32400
" ","23 Years",35920,32980
" ","24 Years",36510,33790
" ","25 Years",36900,34500
" ","26 Years",38350,36080
" ","27 Years",39360,37380
" ","28 Years",39320,38420
" ","29 Years",38670,38150
" ","30 Years",37080,37220
" ","31 Years",36400,37120
" ","32 Years",35230,35370
" ","33 Years",33820,34580
" ","34 Years",33110,34170
" ","35 Years",32850,33650
" ","36 Years",32600,33240
" ","37 Years",31980,32520
" ","38 Years",31340,31820
" ","39 Years",30870,31490
" ","40 Years",30120,31020
" ","41 Years",29370,30400
" ","42 Years",29570,30400
" ","43 Years",29620,30350
" ","44 Years",30300,31620
" ","45 Years",31140,32720
" ","46 Years",32330,33720
" ","47 Years",33330,34800
" ","48 Years",33210,35050
" ","49 Years",32590,34050
" ","50 Years",32430,34000
" ","51 Years",31700,33200
" ","52 Years",30990,32470
" ","53 Years",30930,32140
" ","54 Years",31130,32660
" ","55 Years",31800,33440
" ","56 Years",32090,34170
" ","57 Years",31670,33590
" ","58 Years",30740,32810
" ","59 Years",29830,31430
" ","60 Years",29020,30630
" ","61 Years",27940,29720
" ","62 Years",27170,28720
" ","63 Years",26330,27890
" ","64 Years",25490,27160
" ","65 Years",24710,26130
" ","66 Years",23920,25340
" ","67 Years",23440,24450
" ","68 Years",22730,23700
" ","69 Years",22310,23400
" ","70 Years",21920,22680
" ","71 Years",21430,22710
" ","72 Years",20800,22060
" ","73 Years",17810,19000
" ","74 Years",16130,17480
" ","75 Years",14920,16020
" ","76 Years",13310,14620
" ","77 Years",13730,15450
" ","78 Years",13020,14830
" ","79 Years",11600,13430
" ","80 Years",10140,12110
" ","81 Years",9090,11010
" ","82 Years",8030,10010
" ","83 Years",7140,9010
" ","84 Years",6480,8250
" ","85 Years",5790,7660
" ","86 Years",4970,7050
" ","87 Years",4480,6330
" ","88 Years",4000,5910
" ","89 Years",3310,5270
" ","90 Years",2700,4470
" ","91 Years",2110,3680
" ","92 Years",1680,3090
" ","93 Years",1210,2550
" ","94 Years",920,2050
" ","0-4 Years",157170,148690
" ","5-9 Years",168530,159890
" ","10-14 Years",165670,156610
" ","15-19 Years",163350,154760
" ","20-24 Years",174970,162540
" ","25-29 Years",192600,184530
" ","30-34 Years",175630,178450
" ","35-39 Years",159640,162730
" ","40-44 Years",148980,153790
" ","45-49 Years",162610,170340
" ","50-54 Years",157180,164480
" ","55-59 Years",156130,165450
" ","60-64 Years",135950,144120
" ","65-69 Years",117110,123020
" ","70-74 Years",98100,103930
" ","75-79 Years",66580,74350
" ","80-84 Years",40880,50390
" ","85-89 Years",22550,32210
" ","Under 15 Years",491400,465200
" ","Under 16 Years",523100,495400
" ","Under 18 Years",587400,556300
" ","Under 20 Years",654700,619900
" ","15-39 Years",866200,843000
" ","15-49 Years",1177800,1167100
" ","15-59 Years",1491100,1497100
" ","40-64 Years",760800,798200
" ","15-64 Years",1627000,1641200
" ","15 Years and Over",1982800,2046200
" ","16 Years and Over",1951100,2016000
" ","18 Years and Over",1886700,1955100
" ","20 Years and Over",1819500,1891400
" ","90-94 Years",8610,15850
" ","60 Years and Over",491700,549100
" ","65 Years and Over",355800,405000
" ","75 Years and Over",140600,178100
" ","80 Years and Over",74000,103700
" ","85 Years and Over",33100,53300
" ","90 Years and Over",10570,21100
" ","95 Years and Over",1960,5260
" ","Median Age (Years)",36.2,38.3
" ","Total All Ages",2474200,2511400
2020,"0 Years",30400,29070
" ","1 Years",30910,29190
" ","2 Years",31190,29620
" ","3 Years",32030,30380
" ","4 Years",32480,30670
" ","5 Years",32910,31000
" ","6 Years",33020,31070
" ","7 Years",33780,32360
" ","8 Years",34220,32600
" ","9 Years",34620,32850
" ","10 Years",34970,33090
" ","11 Years",34880,32530
" ","12 Years",34630,32880
" ","13 Years",33780,31940
" ","14 Years",32340,30760
" ","15 Years",31960,30460
" ","16 Years",32210,30640
" ","17 Years",32350,30420
" ","18 Years",32470,30940
" ","19 Years",33920,32020
" ","20 Years",34480,32220
" ","21 Years",33900,31660
" ","22 Years",34890,32450
" ","23 Years",35510,33120
" ","24 Years",36820,33920
" ","25 Years",37420,34920
" ","26 Years",37870,35820
" ","27 Years",39290,37610
" ","28 Years",40360,38820
" ","29 Years",40370,39830
" ","30 Years",39770,39410
" ","31 Years",38170,38330
" ","32 Years",37430,38080
" ","33 Years",36150,36100
" ","34 Years",34650,35300
" ","35 Years",34020,34900
" ","36 Years",33630,34300
" ","37 Years",33430,33860
" ","38 Years",32720,33130
" ","39 Years",32080,32370
" ","40 Years",31560,32010
" ","41 Years",30730,31460
" ","42 Years",29940,30800
" ","43 Years",30090,30750
" ","44 Years",30110,30650
" ","45 Years",30680,31900
" ","46 Years",31530,32960
" ","47 Years",32640,33950
" ","48 Years",33600,34950
" ","49 Years",33440,35220
" ","50 Years",32800,34210
" ","51 Years",32610,34180
" ","52 Years",31790,33400
" ","53 Years",31120,32640
" ","54 Years",31030,32330
" ","55 Years",31240,32880
" ","56 Years",31890,33660
" ","57 Years",32190,34430
" ","58 Years",31760,33820
" ","59 Years",30780,33040
" ","60 Years",29880,31700
" ","61 Years",29110,30890
" ","62 Years",28070,29980
" ","63 Years",27250,28980
" ","64 Years",26450,28140
" ","65 Years",25610,27400
" ","66 Years",24760,26270
" ","67 Years",23900,25440
" ","68 Years",23390,24510
" ","69 Years",22680,23700
" ","70 Years",22180,23340
" ","71 Years",21730,22610
" ","72 Years",21230,22600
" ","73 Years",20530,21910
" ","74 Years",17540,18840
" ","75 Years",15820,17280
" ","76 Years",14590,15800
" ","77 Years",12940,14390
" ","78 Years",13310,15150
" ","79 Years",12550,14490
" ","80 Years",11120,13050
" ","81 Years",9660,11720
" ","82 Years",8600,10620
" ","83 Years",7540,9560
" ","84 Years",6650,8550
" ","85 Years",5950,7730
" ","86 Years",5260,7150
" ","87 Years",4430,6470
" ","88 Years",3930,5740
" ","89 Years",3470,5270
" ","90 Years",2850,4640
" ","91 Years",2250,3860
" ","92 Years",1710,3130
" ","93 Years",1350,2580
" ","94 Years",950,2080
" ","0-4 Years",157010,148930
" ","5-9 Years",168540,159880
" ","10-14 Years",170610,161210
" ","15-19 Years",162910,154480
" ","20-24 Years",175600,163370
" ","25-29 Years",195320,187000
" ","30-34 Years",186170,187220
" ","35-39 Years",165890,168560
" ","40-44 Years",152440,155670
" ","45-49 Years",161880,168990
" ","50-54 Years",159360,166760
" ","55-59 Years",157850,167830
" ","60-64 Years",140760,149700
" ","65-69 Years",120330,127320
" ","70-74 Years",103200,109300
" ","75-79 Years",69210,77110
" ","80-84 Years",43560,53500
" ","85-89 Years",23050,32360
" ","Under 15 Years",496200,470000
" ","Under 16 Years",528100,500500
" ","Under 18 Years",592700,561500
" ","Under 20 Years",659100,624500
" ","15-39 Years",885900,860600
" ","15-49 Years",1200200,1185300
" ","15-59 Years",1517400,1519900
" ","40-64 Years",772300,808900
" ","15-64 Years",1658200,1669600
" ","15 Years and Over",2028800,2091000
" ","16 Years and Over",1996800,2060500
" ","18 Years and Over",1932300,1999500
" ","20 Years and Over",1865900,1936500
" ","90-94 Years",9110,16280
" ","60 Years and Over",511400,571100
" ","65 Years and Over",370600,421400
" ","75 Years and Over",147100,184800
" ","80 Years and Over",77900,107700
" ","85 Years and Over",34300,54200
" ","90 Years and Over",11260,21810
" ","95 Years and Over",2150,5530
" ","Median Age (Years)",36.4,38.5
" ","Total All Ages",2524900,2561000
2021,"0 Years",31130,29570
" ","1 Years",30500,29180
" ","2 Years",31080,29380
" ","3 Years",31420,29810
" ","4 Years",32200,30580
" ","5 Years",32650,30810
" ","6 Years",33030,31120
" ","7 Years",33160,31200
" ","8 Years",33890,32510
" ","9 Years",34320,32710
" ","10 Years",34730,32970
" ","11 Years",35090,33190
" ","12 Years",35010,32640
" ","13 Years",34750,32990
" ","14 Years",33870,32010
" ","15 Years",32400,30860
" ","16 Years",32050,30520
" ","17 Years",32200,30610
" ","18 Years",32140,30230
" ","19 Years",32210,30740
" ","20 Years",33610,31790
" ","21 Years",34180,32020
" ","22 Years",33590,31410
" ","23 Years",34530,32170
" ","24 Years",35100,32860
" ","25 Years",36360,33650
" ","26 Years",36920,34700
" ","27 Years",37390,35690
" ","28 Years",38850,37480
" ","29 Years",39980,38770
" ","30 Years",40070,39850
" ","31 Years",39500,39440
" ","32 Years",38020,38410
" ","33 Years",37390,38170
" ","34 Years",36170,36200
" ","35 Years",34740,35390
" ","36 Years",34030,35000
" ","37 Years",33650,34360
" ","38 Years",33430,33980
" ","39 Years",32770,33240
" ","40 Years",32150,32460
" ","41 Years",31640,32080
" ","42 Years",30800,31510
" ","43 Years",29950,30900
" ","44 Years",30160,30790
" ","45 Years",30160,30660
" ","46 Years",30720,31920
" ","47 Years",31500,32980
" ","48 Years",32650,33950
" ","49 Years",33590,34950
" ","50 Years",33430,35190
" ","51 Years",32740,34160
" ","52 Years",32550,34100
" ","53 Years",31700,33290
" ","54 Years",31020,32530
" ","55 Years",30910,32190
" ","56 Years",31100,32720
" ","57 Years",31750,33480
" ","58 Years",32040,34220
" ","59 Years",31580,33620
" ","60 Years",30610,32820
" ","61 Years",29680,31440
" ","62 Years",28840,30650
" ","63 Years",27840,29720
" ","64 Years",27000,28760
" ","65 Years",26200,27900
" ","66 Years",25290,27120
" ","67 Years",24430,25930
" ","68 Years",23570,25130
" ","69 Years",23010,24200
" ","70 Years",22300,23400
" ","71 Years",21780,23010
" ","72 Years",21290,22260
" ","73 Years",20780,22240
" ","74 Years",20050,21540
" ","75 Years",17070,18500
" ","76 Years",15390,16920
" ","77 Years",14130,15450
" ","78 Years",12450,14020
" ","79 Years",12790,14750
" ","80 Years",11990,14050
" ","81 Years",10570,12600
" ","82 Years",9130,11220
" ","83 Years",8050,10120
" ","84 Years",6990,9050
" ","85 Years",6080,8040
" ","86 Years",5420,7210
" ","87 Years",4740,6590
" ","88 Years",3910,5880
" ","89 Years",3410,5150
" ","90 Years",2980,4630
" ","91 Years",2410,4020
" ","92 Years",1840,3290
" ","93 Years",1380,2600
" ","94 Years",1050,2110
" ","0-4 Years",156320,148510
" ","5-9 Years",167060,158350
" ","10-14 Years",173450,163790
" ","15-19 Years",160990,152950
" ","20-24 Years",171000,160250
" ","25-29 Years",189500,180290
" ","30-34 Years",191150,192080
" ","35-39 Years",168610,171960
" ","40-44 Years",154710,157750
" ","45-49 Years",158620,164450
" ","50-54 Years",161430,169280
" ","55-59 Years",157380,166240
" ","60-64 Years",143970,153380
" ","65-69 Years",122500,130290
" ","70-74 Years",106210,112460
" ","75-79 Years",71830,79640
" ","80-84 Years",46730,57050
" ","85-89 Years",23560,32870
" ","Under 15 Years",496800,470700
" ","Under 16 Years",529200,501500
" ","Under 18 Years",593500,562600
" ","Under 20 Years",657800,623600
" ","15-39 Years",881300,857500
" ","15-49 Years",1194600,1179700
" ","15-59 Years",1513400,1515200
" ","40-64 Years",776100,811100
" ","15-64 Years",1657400,1668600
" ","15 Years and Over",2040200,2103400
" ","16 Years and Over",2007800,2072600
" ","18 Years and Over",1943500,2011400
" ","20 Years and Over",1879200,1950500
" ","90-94 Years",9660,16660
" ","60 Years and Over",526800,588200
" ","65 Years and Over",382800,434800
" ","75 Years and Over",154100,192000
" ","80 Years and Over",82300,112400
" ","85 Years and Over",35500,55400
" ","90 Years and Over",11970,22500
" ","95 Years and Over",2310,5840
" ","Median Age (Years)",36.7,38.8
" ","Total All Ages",2537000,2574100
2022,"0 Years",30510,29680
" ","1 Years",31090,29550
" ","2 Years",30600,29310
" ","3 Years",31310,29570
" ","4 Years",31610,30000
" ","5 Years",32320,30730
" ","6 Years",32770,30940
" ","7 Years",33120,31240
" ","8 Years",33210,31330
" ","9 Years",33970,32590
" ","10 Years",34410,32800
" ","11 Years",34820,33040
" ","12 Years",35150,33270
" ","13 Years",35110,32690
" ","14 Years",34830,33050
" ","15 Years",34010,32130
" ","16 Years",32530,30960
" ","17 Years",32110,30570
" ","18 Years",32010,30440
" ","19 Years",31880,30020
" ","20 Years",32060,30620
" ","21 Years",33370,31620
" ","22 Years",33910,31750
" ","23 Years",33210,31070
" ","24 Years",34090,31810
" ","25 Years",34580,32470
" ","26 Years",35700,33290
" ","27 Years",36280,34430
" ","28 Years",36840,35400
" ","29 Years",38320,37310
" ","30 Years",39650,38710
" ","31 Years",39820,39820
" ","32 Years",39320,39470
" ","33 Years",37920,38450
" ","34 Years",37390,38230
" ","35 Years",36230,36300
" ","36 Years",34800,35430
" ","37 Years",34060,35050
" ","38 Years",33660,34360
" ","39 Years",33380,33970
" ","40 Years",32750,33260
" ","41 Years",32140,32470
" ","42 Years",31640,32050
" ","43 Years",30780,31470
" ","44 Years",29910,30860
" ","45 Years",30120,30750
" ","46 Years",30100,30610
" ","47 Years",30620,31860
" ","48 Years",31410,32860
" ","49 Years",32550,33840
" ","50 Years",33470,34840
" ","51 Years",33270,35080
" ","52 Years",32570,34010
" ","53 Years",32400,33920
" ","54 Years",31510,33080
" ","55 Years",30830,32360
" ","56 Years",30650,32010
" ","57 Years",30870,32510
" ","58 Years",31490,33240
" ","59 Years",31770,33980
" ","60 Years",31320,33370
" ","61 Years",30380,32520
" ","62 Years",29370,31160
" ","63 Years",28560,30330
" ","64 Years",27540,29440
" ","65 Years",26710,28460
" ","66 Years",25800,27560
" ","67 Years",24850,26740
" ","68 Years",24030,25560
" ","69 Years",23160,24780
" ","70 Years",22610,23840
" ","71 Years",21850,23020
" ","72 Years",21280,22610
" ","73 Years",20800,21850
" ","74 Years",20230,21850
" ","75 Years",19470,21070
" ","76 Years",16500,18050
" ","77 Years",14860,16470
" ","78 Years",13590,14990
" ","79 Years",11900,13600
" ","80 Years",12200,14260
" ","81 Years",11370,13510
" ","82 Years",9940,12020
" ","83 Years",8550,10640
" ","84 Years",7460,9540
" ","85 Years",6360,8450
" ","86 Years",5480,7460
" ","87 Years",4850,6580
" ","88 Years",4170,5980
" ","89 Years",3350,5250
" ","90 Years",2840,4530
" ","91 Years",2470,3920
" ","92 Years",1940,3350
" ","93 Years",1460,2720
" ","94 Years",1050,2070
" ","0-4 Years",155120,148100
" ","5-9 Years",165380,156820
" ","10-14 Years",174320,164840
" ","15-19 Years",162540,154120
" ","20-24 Years",166650,156870
" ","25-29 Years",181710,172900
" ","30-34 Years",194100,194690
" ","35-39 Years",172130,175110
" ","40-44 Years",157220,160100
" ","45-49 Years",154800,159910
" ","50-54 Years",163210,170940
" ","55-59 Years",155600,164100
" ","60-64 Years",147160,156820
" ","65-69 Years",124540,133100
" ","70-74 Years",106760,113160
" ","75-79 Years",76320,84180
" ","80-84 Years",49520,59970
" ","85-89 Years",24220,33720
" ","Under 15 Years",494800,469800
" ","Under 16 Years",528800,501900
" ","Under 18 Years",593500,563400
" ","Under 20 Years",657400,623900
" ","15-39 Years",877100,853700
" ","15-49 Years",1189100,1173700
" ","15-59 Years",1508000,1508700
" ","40-64 Years",778000,811900
" ","15-64 Years",1655100,1665600
" ","15 Years and Over",2048700,2112200
" ","16 Years and Over",2014700,2080000
" ","18 Years and Over",1950000,2018500
" ","20 Years and Over",1886200,1958000
" ","90-94 Years",9760,16590
" ","60 Years and Over",540700,603400
" ","65 Years and Over",393600,446600
" ","75 Years and Over",162300,200400
" ","80 Years and Over",85900,116200
" ","85 Years and Over",36400,56200
" ","90 Years and Over",12200,22490
" ","95 Years and Over",2440,5890
" ","Median Age (Years)",37.0,39.0
" ","Total All Ages",2543500,2581900
2023,"0 Years",29350,27810
" ","1 Years",30710,29840
" ","2 Years",31470,29910
" ","3 Years",31180,29850
" ","4 Years",31980,30240
" ","5 Years",32360,30710
" ","6 Years",33000,31420
" ","7 Years",33440,31570
" ","8 Years",33760,31870
" ","9 Years",33830,32000
" ","10 Years",34630,33180
" ","11 Years",35030,33430
" ","12 Years",35440,33630
" ","13 Years",35750,33840
" ","14 Years",35700,33290
" ","15 Years",35500,33690
" ","16 Years",34660,32820
" ","17 Years",33020,31480
" ","18 Years",32360,30740
" ","19 Years",32480,30770
" ","20 Years",32670,30620
" ","21 Years",32870,31060
" ","22 Years",34120,31950
" ","23 Years",34700,32270
" ","24 Years",34060,31840
" ","25 Years",35020,32840
" ","26 Years",35520,33770
" ","27 Years",36830,34890
" ","28 Years",37640,36160
" ","29 Years",38360,37320
" ","30 Years",40110,39330
" ","31 Years",41590,40660
" ","32 Years",41750,41400
" ","33 Years",41340,40970
" ","34 Years",40010,39850
" ","35 Years",39380,39460
" ","36 Years",38210,37510
" ","37 Years",36580,36470
" ","38 Years",35760,36000
" ","39 Years",35330,35250
" ","40 Years",34910,34810
" ","41 Years",34190,34040
" ","42 Years",33400,33180
" ","43 Years",32840,32660
" ","44 Years",31830,31990
" ","45 Years",30800,31310
" ","46 Years",30860,31120
" ","47 Years",30710,30910
" ","48 Years",31080,32060
" ","49 Years",31760,33000
" ","50 Years",32820,33930
" ","51 Years",33640,34920
" ","52 Years",33320,35150
" ","53 Years",32600,34080
" ","54 Years",32390,33950
" ","55 Years",31440,33070
" ","56 Years",30700,32340
" ","57 Years",30490,32020
" ","58 Years",30700,32510
" ","59 Years",31290,33220
" ","60 Years",31560,33970
" ","61 Years",31130,33290
" ","62 Years",30220,32460
" ","63 Years",29200,31070
" ","64 Years",28370,30260
" ","65 Years",27360,29370
" ","66 Years",26440,28370
" ","67 Years",25570,27370
" ","68 Years",24600,26480
" ","69 Years",23730,25360
" ","70 Years",22840,24540
" ","71 Years",22230,23570
" ","72 Years",21480,22740
" ","73 Years",20860,22310
" ","74 Years",20330,21530
" ","75 Years",19690,21430
" ","76 Years",18900,20630
" ","77 Years",15940,17660
" ","78 Years",14300,16030
" ","79 Years",13030,14540
" ","80 Years",11350,13140
" ","81 Years",11590,13690
" ","82 Years",10720,12910
" ","83 Years",9270,11420
" ","84 Years",7910,10050
" ","85 Years",6810,8940
" ","86 Years",5740,7810
" ","87 Years",4880,6810
" ","88 Years",4250,5970
" ","89 Years",3590,5300
" ","90 Years",2820,4570
" ","91 Years",2330,3880
" ","92 Years",1980,3250
" ","93 Years",1540,2750
" ","94 Years",1100,2170
" ","0-4 Years",154690,147660
" ","5-9 Years",166390,157560
" ","10-14 Years",176560,167380
" ","15-19 Years",168030,159500
" ","20-24 Years",168420,157750
" ","25-29 Years",183370,174980
" ","30-34 Years",204800,202210
" ","35-39 Years",185260,184690
" ","40-44 Years",167160,166670
" ","45-49 Years",155190,158420
" ","50-54 Years",164770,172030
" ","55-59 Years",154630,163150
" ","60-64 Years",150490,161050
" ","65-69 Years",127690,136950
" ","70-74 Years",107730,114690
" ","75-79 Years",81870,90290
" ","80-84 Years",50840,61210
" ","85-89 Years",25270,34820
" ","Under 15 Years",497600,472600
" ","Under 16 Years",533100,506300
" ","Under 18 Years",600800,570600
" ","Under 20 Years",665700,632100
" ","15-39 Years",909900,879100
" ","15-49 Years",1232200,1204200
" ","15-59 Years",1551600,1539400
" ","40-64 Years",792200,821300
" ","15-64 Years",1702100,1700500
" ","15 Years and Over",2107800,2160900
" ","16 Years and Over",2072300,2127200
" ","18 Years and Over",2004600,2062900
" ","20 Years and Over",1939800,2001400
" ","90-94 Years",9770,16630
" ","60 Years and Over",556200,621500
" ","65 Years and Over",405700,460500
" ","75 Years and Over",170300,208800
" ","80 Years and Over",88400,118500
" ","85 Years and Over",37600,57300
" ","90 Years and Over",12300,22500
" ","95 Years and Over",2530,5880
" ","Median Age (Years)",37.1,39.0
" ","Total All Ages",2605400,2633500
"Table information:"
"Units:"
"0 Years: Number, Magnitude = Units"
"1 Years: Number, Magnitude = Units"
"2 Years: Number, Magnitude = Units"
"3 Years: Number, Magnitude = Units"
"4 Years: Number, Magnitude = Units"
"5 Years: Number, Magnitude = Units"
"6 Years: Number, Magnitude = Units"
"7 Years: Number, Magnitude = Units"
"8 Years: Number, Magnitude = Units"
"9 Years: Number, Magnitude = Units"
"10 Years: Number, Magnitude = Units"
"11 Years: Number, Magnitude = Units"
"12 Years: Number, Magnitude = Units"
"13 Years: Number, Magnitude = Units"
"14 Years: Number, Magnitude = Units"
"15 Years: Number, Magnitude = Units"
"16 Years: Number, Magnitude = Units"
"17 Years: Number, Magnitude = Units"
"18 Years: Number, Magnitude = Units"
"19 Years: Number, Magnitude = Units"
"20 Years: Number, Magnitude = Units"
"21 Years: Number, Magnitude = Units"
"22 Years: Number, Magnitude = Units"
"23 Years: Number, Magnitude = Units"
"24 Years: Number, Magnitude = Units"
"25 Years: Number, Magnitude = Units"
"26 Years: Number, Magnitude = Units"
"27 Years: Number, Magnitude = Units"
"28 Years: Number, Magnitude = Units"
"29 Years: Number, Magnitude = Units"
"30 Years: Number, Magnitude = Units"
"31 Years: Number, Magnitude = Units"
"32 Years: Number, Magnitude = Units"
"33 Years: Number, Magnitude = Units"
"34 Years: Number, Magnitude = Units"
"35 Years: Number, Magnitude = Units"
"36 Years: Number, Magnitude = Units"
"37 Years: Number, Magnitude = Units"
"38 Years: Number, Magnitude = Units"
"39 Years: Number, Magnitude = Units"
"40 Years: Number, Magnitude = Units"
"41 Years: Number, Magnitude = Units"
"42 Years: Number, Magnitude = Units"
"43 Years: Number, Magnitude = Units"
"44 Years: Number, Magnitude = Units"
"45 Years: Number, Magnitude = Units"
"46 Years: Number, Magnitude = Units"
"47 Years: Number, Magnitude = Units"
"48 Years: Number, Magnitude = Units"
"49 Years: Number, Magnitude = Units"
"50 Years: Number, Magnitude = Units"
"51 Years: Number, Magnitude = Units"
"52 Years: Number, Magnitude = Units"
"53 Years: Number, Magnitude = Units"
"54 Years: Number, Magnitude = Units"
"55 Years: Number, Magnitude = Units"
"56 Years: Number, Magnitude = Units"
"57 Years: Number, Magnitude = Units"
"58 Years: Number, Magnitude = Units"
"59 Years: Number, Magnitude = Units"
"60 Years: Number, Magnitude = Units"
"61 Years: Number, Magnitude = Units"
"62 Years: Number, Magnitude = Units"
"63 Years: Number, Magnitude = Units"
"64 Years: Number, Magnitude = Units"
"65 Years: Number, Magnitude = Units"
"66 Years: Number, Magnitude = Units"
"67 Years: Number, Magnitude = Units"
"68 Years: Number, Magnitude = Units"
"69 Years: Number, Magnitude = Units"
"70 Years: Number, Magnitude = Units"
"71 Years: Number, Magnitude = Units"
"72 Years: Number, Magnitude = Units"
"73 Years: Number, Magnitude = Units"
"74 Years: Number, Magnitude = Units"
"75 Years: Number, Magnitude = Units"
"76 Years: Number, Magnitude = Units"
"77 Years: Number, Magnitude = Units"
"78 Years: Number, Magnitude = Units"
"79 Years: Number, Magnitude = Units"
"80 Years: Number, Magnitude = Units"
"81 Years: Number, Magnitude = Units"
"82 Years: Number, Magnitude = Units"
"83 Years: Number, Magnitude = Units"
"84 Years: Number, Magnitude = Units"
"85 Years: Number, Magnitude = Units"
"86 Years: Number, Magnitude = Units"
"87 Years: Number, Magnitude = Units"
"88 Years: Number, Magnitude = Units"
"89 Years: Number, Magnitude = Units"
"90 Years: Number, Magnitude = Units"
"91 Years: Number, Magnitude = Units"
"92 Years: Number, Magnitude = Units"
"93 Years: Number, Magnitude = Units"
"94 Years: Number, Magnitude = Units"
"0-4 Years: Number, Magnitude = Units"
"5-9 Years: Number, Magnitude = Units"
"10-14 Years: Number, Magnitude = Units"
"15-19 Years: Number, Magnitude = Units"
"20-24 Years: Number, Magnitude = Units"
"25-29 Years: Number, Magnitude = Units"
"30-34 Years: Number, Magnitude = Units"
"35-39 Years: Number, Magnitude = Units"
"40-44 Years: Number, Magnitude = Units"
"45-49 Years: Number, Magnitude = Units"
"50-54 Years: Number, Magnitude = Units"
"55-59 Years: Number, Magnitude = Units"
"60-64 Years: Number, Magnitude = Units"
"65-69 Years: Number, Magnitude = Units"
"70-74 Years: Number, Magnitude = Units"
"75-79 Years: Number, Magnitude = Units"
"80-84 Years: Number, Magnitude = Units"
"85-89 Years: Number, Magnitude = Units"
"Under 15 Years: Number, Magnitude = Units"
"Under 16 Years: Number, Magnitude = Units"
"Under 18 Years: Number, Magnitude = Units"
"Under 20 Years: Number, Magnitude = Units"
"15-39 Years: Number, Magnitude = Units"
"15-49 Years: Number, Magnitude = Units"
"15-59 Years: Number, Magnitude = Units"
"40-64 Years: Number, Magnitude = Units"
"15-64 Years: Number, Magnitude = Units"
"15 Years and Over: Number, Magnitude = Units"
"16 Years and Over: Number, Magnitude = Units"
"18 Years and Over: Number, Magnitude = Units"
"20 Years and Over: Number, Magnitude = Units"
"90-94 Years: Number, Magnitude = Units"
"60 Years and Over: Number, Magnitude = Units"
"65 Years and Over: Number, Magnitude = Units"
"75 Years and Over: Number, Magnitude = Units"
"80 Years and Over: Number, Magnitude = Units"
"85 Years and Over: Number, Magnitude = Units"
"90 Years and Over: Number, Magnitude = Units"
"95 Years and Over: Number, Magnitude = Units"
"Median Age (Years): Year, Magnitude = Units"
"Total All Ages: Number, Magnitude = Units"
""
"Footnotes:"
"All population estimates at 30 June 2018 and beyond use the 2018-base ERP."
"Estimates flagged as provisional are subject to revision, mainly to incorporate revisions to external (international) migration estimates."
"The current population estimates are based on 2018 Census data. The 2023-based estimated resident population will be published following the release of 2023 Census and 2023 Post-enumeration Survey results."
" "
"Symbols:"
".. figure not available"
"C: Confidential"
"E: Early Estimate"
"P: Provisional"
"R: Revised"
"S: Suppressed"
""
"Status flags are not displayed"
""
"Table reference: "
"DPE058AA"
""
"Last updated:"
"0 Years: 16 February 2024 10:45am"
"1 Years: 16 February 2024 10:45am"
"2 Years: 16 February 2024 10:45am"
"3 Years: 16 February 2024 10:45am"
"4 Years: 16 February 2024 10:45am"
"5 Years: 16 February 2024 10:45am"
"6 Years: 16 February 2024 10:45am"
"7 Years: 16 February 2024 10:45am"
"8 Years: 16 February 2024 10:45am"
"9 Years: 16 February 2024 10:45am"
"10 Years: 16 February 2024 10:45am"
"11 Years: 16 February 2024 10:45am"
"12 Years: 16 February 2024 10:45am"
"13 Years: 16 February 2024 10:45am"
"14 Years: 16 February 2024 10:45am"
"15 Years: 16 February 2024 10:45am"
"16 Years: 16 February 2024 10:45am"
"17 Years: 16 February 2024 10:45am"
"18 Years: 16 February 2024 10:45am"
"19 Years: 16 February 2024 10:45am"
"20 Years: 16 February 2024 10:45am"
"21 Years: 16 February 2024 10:45am"
"22 Years: 16 February 2024 10:45am"
"23 Years: 16 February 2024 10:45am"
"24 Years: 16 February 2024 10:45am"
"25 Years: 16 February 2024 10:45am"
"26 Years: 16 February 2024 10:45am"
"27 Years: 16 February 2024 10:45am"
"28 Years: 16 February 2024 10:45am"
"29 Years: 16 February 2024 10:45am"
"30 Years: 16 February 2024 10:45am"
"31 Years: 16 February 2024 10:45am"
"32 Years: 16 February 2024 10:45am"
"33 Years: 16 February 2024 10:45am"
"34 Years: 16 February 2024 10:45am"
"35 Years: 16 February 2024 10:45am"
"36 Years: 16 February 2024 10:45am"
"37 Years: 16 February 2024 10:45am"
"38 Years: 16 February 2024 10:45am"
"39 Years: 16 February 2024 10:45am"
"40 Years: 16 February 2024 10:45am"
"41 Years: 16 February 2024 10:45am"
"42 Years: 16 February 2024 10:45am"
"43 Years: 16 February 2024 10:45am"
"44 Years: 16 February 2024 10:45am"
"45 Years: 16 February 2024 10:45am"
"46 Years: 16 February 2024 10:45am"
"47 Years: 16 February 2024 10:45am"
"48 Years: 16 February 2024 10:45am"
"49 Years: 16 February 2024 10:45am"
"50 Years: 16 February 2024 10:45am"
"51 Years: 16 February 2024 10:45am"
"52 Years: 16 February 2024 10:45am"
"53 Years: 16 February 2024 10:45am"
"54 Years: 16 February 2024 10:45am"
"55 Years: 16 February 2024 10:45am"
"56 Years: 16 February 2024 10:45am"
"57 Years: 16 February 2024 10:45am"
"58 Years: 16 February 2024 10:45am"
"59 Years: 16 February 2024 10:45am"
"60 Years: 16 February 2024 10:45am"
"61 Years: 16 February 2024 10:45am"
"62 Years: 16 February 2024 10:45am"
"63 Years: 16 February 2024 10:45am"
"64 Years: 16 February 2024 10:45am"
"65 Years: 16 February 2024 10:45am"
"66 Years: 16 February 2024 10:45am"
"67 Years: 16 February 2024 10:45am"
"68 Years: 16 February 2024 10:45am"
"69 Years: 16 February 2024 10:45am"
"70 Years: 16 February 2024 10:45am"
"71 Years: 16 February 2024 10:45am"
"72 Years: 16 February 2024 10:45am"
"73 Years: 16 February 2024 10:45am"
"74 Years: 16 February 2024 10:45am"
"75 Years: 16 February 2024 10:45am"
"76 Years: 16 February 2024 10:45am"
"77 Years: 16 February 2024 10:45am"
"78 Years: 16 February 2024 10:45am"
"79 Years: 16 February 2024 10:45am"
"80 Years: 16 February 2024 10:45am"
"81 Years: 16 February 2024 10:45am"
"82 Years: 16 February 2024 10:45am"
"83 Years: 16 February 2024 10:45am"
"84 Years: 16 February 2024 10:45am"
"85 Years: 16 February 2024 10:45am"
"86 Years: 16 February 2024 10:45am"
"87 Years: 16 February 2024 10:45am"
"88 Years: 16 February 2024 10:45am"
"89 Years: 16 February 2024 10:45am"
"90 Years: 16 February 2024 10:45am"
"91 Years: 16 February 2024 10:45am"
"92 Years: 16 February 2024 10:45am"
"93 Years: 16 February 2024 10:45am"
"94 Years: 16 February 2024 10:45am"
"0-4 Years: 16 February 2024 10:45am"
"5-9 Years: 16 February 2024 10:45am"
"10-14 Years: 16 February 2024 10:45am"
"15-19 Years: 16 February 2024 10:45am"
"20-24 Years: 16 February 2024 10:45am"
"25-29 Years: 16 February 2024 10:45am"
"30-34 Years: 16 February 2024 10:45am"
"35-39 Years: 16 February 2024 10:45am"
"40-44 Years: 16 February 2024 10:45am"
"45-49 Years: 16 February 2024 10:45am"
"50-54 Years: 16 February 2024 10:45am"
"55-59 Years: 16 February 2024 10:45am"
"60-64 Years: 16 February 2024 10:45am"
"65-69 Years: 16 February 2024 10:45am"
"70-74 Years: 16 February 2024 10:45am"
"75-79 Years: 16 February 2024 10:45am"
"80-84 Years: 16 February 2024 10:45am"
"85-89 Years: 16 February 2024 10:45am"
"Under 15 Years: 16 February 2024 10:45am"
"Under 16 Years: 16 February 2024 10:45am"
"Under 18 Years: 16 February 2024 10:45am"
"Under 20 Years: 16 February 2024 10:45am"
"15-39 Years: 16 February 2024 10:45am"
"15-49 Years: 16 February 2024 10:45am"
"15-59 Years: 16 February 2024 10:45am"
"40-64 Years: 16 February 2024 10:45am"
"15-64 Years: 16 February 2024 10:45am"
"15 Years and Over: 16 February 2024 10:45am"
"16 Years and Over: 16 February 2024 10:45am"
"18 Years and Over: 16 February 2024 10:45am"
"20 Years and Over: 16 February 2024 10:45am"
"90-94 Years: 16 February 2024 10:45am"
"60 Years and Over: 16 February 2024 10:45am"
"65 Years and Over: 16 February 2024 10:45am"
"75 Years and Over: 16 February 2024 10:45am"
"80 Years and Over: 16 February 2024 10:45am"
"85 Years and Over: 16 February 2024 10:45am"
"90 Years and Over: 16 February 2024 10:45am"
"95 Years and Over: 16 February 2024 10:45am"
"Median Age (Years): 16 February 2024 10:45am"
"Total All Ages: 16 February 2024 10:45am"
""
"Source: Statistics New Zealand"
"Contact: Information Centre"
"Telephone: 0508 525 525"
"Email:info@stats.govt.nz"
""
""
""
